STATE,ST_CASE,VE_TOTAL,VE_FORMS,PVH_INVL,PEDS,PERNOTMVIT,PERMVIT,PERSONS,COUNTY,CITY,DAY,MONTH,YEAR,DAY_WEEK,HOUR,MINUTE,NHS,RUR_URB,FUNC_SYS,RD_OWNER,ROUTE,TWAY_ID,TWAY_ID2,MILEPT,LATITUDE,LONGITUD,SP_JUR,HARM_EV,MAN_COLL,RELJCT1,RELJCT2,TYP_INT,WRK_ZONE,REL_ROAD,LGT_COND,WEATHER1,WEATHER2,WEATHER,SCH_BUS,RAIL,NOT_HOUR,NOT_MIN,ARR_HOUR,ARR_MIN,HOSP_HR,HOSP_MN,CF1,CF2,CF3,FATALS,DRUNK_DR
42,420598,3,3,0,0,0,5,5,17,0,3,9,2016,7,13,10,1,2,3,1,3,SR-2038 COUNTY LINE RD,HENRY AVE,96,40.19930278,-75.118602780000,0,12,6,0,2,3,0,1,1,1,0,1,0,0000000,13,12,99,99,88,88,0,0,0,1,0
42,420599,4,4,0,0,0,7,7,133,0,18,8,2016,5,18,48,0,1,4,1,3,SR-194 BALTIMORE PIKE,BERMUDIAN CHURCH RD,60,39.96498333,-76.970033330000,0,12,1,0,3,3,0,1,1,1,0,1,0,0000000,18,49,19,0,19,35,0,0,0,2,0
42,420600,1,1,0,1,1,1,1,107,0,8,2,2016,2,22,6,0,2,4,1,3,SR-924 GOLD STAR HWY,,32,40.81392500,-76.199080560000,0,8,0,0,1,1,0,1,2,4,0,4,0,0000000,99,99,99,99,99,99,0,0,0,1,0
42,420601,1,1,0,0,0,1,1,55,0,28,3,2016,2,22,29,1,1,1,31,1,I-76 EAST/WEST TPKE,,2001,40.14983056,-77.635111110000,0,24,0,0,1,1,0,4,2,1,0,1,0,0000000,99,99,99,99,88,88,0,0,0,1,0
42,420602,1,1,0,0,0,1,1,55,0,8,1,2016,6,22,27,0,1,5,1,3,SR-75 FORT LOUDON RD,,47,39.78847500,-77.899861110000,0,35,0,0,1,1,0,4,2,2,0,2,0,0000000,22,26,22,33,88,88,0,0,0,1,1
42,420603,1,1,0,0,0,2,2,55,0,15,1,2016,6,12,15,1,1,1,31,1,I-76 EAST/WEST TPKE,,2001,40.14992778,-77.634691670000,0,24,0,0,1,1,0,4,1,1,0,1,0,0000000,99,99,99,99,99,99,0,0,0,1,0
42,420604,1,1,0,0,0,1,1,117,0,19,3,2016,7,18,14,0,1,4,1,3,SR-49,,154,41.98380833,-77.338677780000,0,53,0,0,1,1,0,4,1,1,0,1,0,0000000,18,12,18,15,88,88,0,0,0,1,1
42,420605,2,2,0,0,0,2,2,75,1690,23,6,2016,5,12,43,1,1,3,99,2,US-322 HORSESHOE PIKE,,110,40.25236111,-76.415613890000,0,12,2,0,1,1,0,1,1,1,0,1,0,0000000,12,45,12,56,99,99,0,0,0,2,0
42,420606,1,1,0,0,0,1,1,73,0,29,4,2016,6,21,30,0,2,5,1,3,SR-1002 MAITLAND LN,,51,41.03493333,-80.370741670000,0,41,0,0,1,1,0,4,2,1,0,1,0,0000000,21,30,21,38,22,5,0,0,0,1,1
42,420607,1,1,0,0,0,1,1,67,0,29,5,2016,1,21,31,0,1,4,1,3,SR-75,,280,40.54507778,-77.367969440000,0,1,0,0,1,1,0,2,2,1,0,1,0,0000000,21,31,21,35,88,88,0,0,0,1,1
42,420608,1,1,0,0,0,4,4,123,0,1,6,2016,4,13,16,0,1,5,1,3,SR-3010 OLD ROUTE 77 HWY,,9,41.83535000,-79.597661110000,0,35,0,0,1,1,0,4,1,1,0,1,0,0000000,99,99,99,99,99,99,0,0,0,1,0
42,420609,1,1,0,0,0,1,1,55,0,11,6,2016,7,16,5,0,1,6,1,3,SR-4004 BURNT CABINS RD,,2,40.05990278,-77.865622220000,0,34,0,0,1,1,0,4,1,1,0,1,0,0000000,16,3,99,99,88,88,0,0,0,1,0
42,420610,3,3,0,0,0,3,3,67,0,11,7,2016,2,17,28,0,1,4,1,3,SR-35,,386,40.66703333,-77.188180560000,0,12,2,0,1,1,0,1,1,1,0,1,0,0000000,99,99,99,99,99,99,0,0,0,1,0
42,420611,2,2,0,0,0,4,4,79,0,9,7,2016,7,5,40,1,2,3,1,3,SR-924 CAN DO EXPY,,54,40.95403333,-76.002250000000,0,12,6,0,1,1,0,1,4,1,0,1,0,0000000,5,43,5,47,6,16,0,0,0,1,0
42,420612,1,1,0,0,0,1,1,71,0,30,7,2016,7,3,27,0,1,7,3,5,MINE RD,,0,39.98158333,-76.024638890000,0,1,0,0,1,1,0,1,2,1,0,1,0,0000000,3,25,99,99,88,88,0,0,0,1,0
42,420613,1,1,0,0,0,1,1,95,0,28,7,2016,5,10,23,1,1,3,1,3,SR-33,,161,40.85492778,-75.299711110000,0,33,0,0,1,1,0,4,1,1,0,1,0,0000000,99,99,99,99,99,99,0,0,0,1,0
42,420614,1,1,0,0,0,1,1,85,0,15,7,2016,6,0,58,0,1,5,1,3,SR-58 MERCER RD,,171,41.32969167,-80.314913890000,0,53,0,0,1,1,0,4,2,1,0,1,0,0000000,1,1,1,12,88,88,0,0,0,1,1
42,420615,2,2,0,0,0,3,3,109,0,20,7,2016,4,8,21,1,1,3,99,2,US-11 MARINE CORPS LEAG ME HWY,SR-2002 WINDING RD,38,40.68160556,-76.892736110000,0,12,6,0,2,3,0,1,1,1,0,1,0,0000000,99,99,99,99,99,99,0,0,0,1,0
42,420616,2,2,0,0,0,2,2,51,0,18,7,2016,2,13,2,0,2,5,1,3,SR-1042 KINGVIEW RD,,7,40.09788056,-79.571808330000,0,12,2,0,1,1,0,1,1,1,0,1,0,0000000,12,49,12,52,13,42,0,0,0,1,0
42,420617,2,2,0,0,0,3,3,55,0,11,7,2016,2,13,34,1,2,1,1,1,I-81 AMERICAN LEGION MEM HWY,,177,39.94845278,-77.611377780000,0,12,6,0,1,1,0,1,1,1,0,1,0,0000000,13,29,13,39,14,13,0,0,0,1,0
42,420618,1,1,0,0,0,1,1,79,0,25,8,2016,5,23,0,0,1,7,3,5,POLICE GROVE RD,,0,41.03422222,-76.009444440000,0,18,0,0,1,1,0,4,2,1,0,1,0,0000000,99,99,99,99,88,88,0,0,0,1,0
42,420619,1,1,0,0,0,1,1,133,0,13,8,2016,7,5,56,1,2,3,1,3,SR-94 BALTIMORE ST,,54,39.78387500,-76.965194440000,0,30,0,0,1,1,0,4,1,1,0,1,0,0000000,5,55,6,1,6,45,0,0,0,1,0
42,420620,1,1,0,0,0,1,1,33,0,13,7,2016,4,10,0,0,1,7,3,5,CAMP CORBLY RD,,0,40.88983333,-78.669027780000,0,42,0,0,1,1,0,4,1,1,0,1,0,0000000,10,5,10,30,10,45,0,0,0,1,0
42,420621,3,3,0,0,0,3,3,91,0,20,9,2016,3,6,7,1,2,3,1,3,SR-113 TRAPPE RD,,21,40.17893889,-75.488630560000,0,12,8,0,1,1,0,1,2,5,0,5,0,0000000,6,9,6,15,7,8,0,0,0,1,0
42,420622,2,2,0,0,0,3,3,3,2290,27,8,2016,7,3,15,1,2,3,99,2,US-30 LINCOLN HWY,,110,40.39398611,-79.837997220000,0,24,0,0,1,1,0,4,3,1,0,1,0,0000000,3,19,3,25,3,54,0,0,0,1,1
42,420623,1,1,0,1,1,2,2,71,0,27,8,2016,7,20,26,0,1,4,1,3,SR-340 OLD PHILADELPHIA PIKE,,82,40.03953056,-76.117230560000,0,8,0,0,1,1,0,1,3,1,0,1,0,0000000,20,20,20,24,20,54,0,0,0,1,0
42,420624,2,2,0,0,0,2,2,101,6540,30,8,2016,3,23,24,0,2,4,1,3,SR-1003 WHITAKER AVE,LOUDON ST,18,40.02170833,-75.112622220000,0,12,6,0,4,1,0,1,3,1,0,1,0,0000000,23,24,23,28,23,49,0,0,0,1,0
42,420625,1,1,0,0,0,3,3,39,0,27,8,2016,7,1,15,0,1,7,3,5,PETERS RD,,0,41.72948056,-80.130813890000,0,42,0,0,1,1,0,4,2,1,0,1,0,0000000,99,99,99,99,99,99,0,0,0,1,1
42,420626,1,1,0,0,0,2,2,49,0,27,8,2016,7,10,20,0,1,7,3,5,CHAFFEE RD,,0,41.97310833,-79.813697220000,0,35,0,0,1,1,0,4,1,1,0,1,0,0000000,10,16,10,25,88,88,22,0,0,1,0
42,420627,2,2,0,0,0,2,2,29,0,31,8,2016,4,14,43,0,1,4,1,3,SR-10 LIMESTONE RD,SR-3056 FRIENDSHIP CHURCH RD,104,39.91751111,-75.913025000000,0,12,6,0,2,2,0,1,1,1,0,1,0,0000000,99,99,99,99,99,99,0,0,0,1,0
42,420628,2,2,0,0,0,2,2,129,0,11,8,2016,5,13,17,0,1,4,1,3,SR-31 CHESTNUT RIDGE RD,,232,40.09942778,-79.361633330000,0,12,6,0,8,1,0,1,1,1,0,1,0,0000000,12,56,13,2,13,50,0,0,0,1,0
42,420629,2,2,0,0,0,3,3,77,0,11,8,2016,5,2,55,1,1,3,99,2,US-222,,5,40.54452222,-75.673602780000,0,12,2,0,1,1,0,1,2,1,0,1,0,0000000,99,99,99,99,99,99,0,0,0,1,0
42,420630,1,1,0,1,1,1,1,17,0,13,8,2016,7,20,56,1,2,3,1,3,SR-132 STREET RD,,83,40.15698056,-75.012925000000,0,8,0,0,1,1,0,1,3,1,0,1,0,0000000,20,56,20,59,21,31,0,0,0,1,0
42,420631,2,2,0,0,0,2,2,115,0,30,8,2016,3,13,10,0,1,4,1,3,SR-171 STILLWATER RD,,143,41.83538056,-75.510205560000,0,12,1,0,1,1,0,1,1,1,0,1,0,0000000,13,3,13,10,99,99,0,0,0,1,0
42,420632,1,1,0,1,1,1,1,101,6540,2,9,2016,6,0,46,1,2,3,1,3,SR-2007 FRANKFORD AVE,,57,40.02585278,-75.071219440000,0,9,0,0,1,1,0,2,3,1,0,1,0,0000000,0,45,0,52,88,88,0,0,0,1,0
42,420633,2,2,0,0,0,2,2,101,6540,12,9,2016,2,8,24,1,2,3,1,3,SR-1002 CHELTENHAM AVE,COVENTRY AVE,5,40.05713611,-75.128986110000,0,12,6,0,2,2,0,1,1,1,0,1,1,0000000,99,99,99,99,99,99,0,0,0,1,0
42,420634,2,2,0,0,0,2,2,27,0,22,9,2016,5,16,50,0,1,5,1,3,SR-192 BRUSH VALLEY RD,RIDGE RD,36,40.87681389,-77.631391670000,0,12,11,0,2,3,0,1,1,1,0,1,0,0000000,15,12,15,24,99,99,14,0,0,1,0
42,420635,1,1,0,1,1,1,1,49,0,4,9,2016,1,21,52,0,2,4,99,2,US-20 RIDGE RD,,109,41.99658056,-80.326594440000,0,8,0,0,1,1,0,1,2,1,0,1,0,0000000,2,14,2,21,88,88,0,0,0,1,0
42,420636,2,2,0,3,3,3,3,81,0,12,9,2016,2,16,33,1,2,3,99,2,US-220,,93,41.23178056,-77.129161110000,0,8,0,0,1,1,0,1,1,1,0,1,0,0000000,16,32,16,42,88,88,23,0,0,2,0
42,420637,2,2,0,0,0,3,3,101,6540,25,9,2016,1,16,5,1,2,3,99,2,US-1 ROOSEVELT BLVD,C ST,85,40.02670833,-75.117294440000,0,12,6,0,2,2,0,1,1,1,0,1,0,0000000,99,99,99,99,99,99,0,0,0,1,0
42,420638,2,2,0,0,0,3,3,71,0,31,8,2016,4,6,30,0,2,4,99,2,US-222 BEAVER VALLEY PIKE,,206,39.95952778,-76.245047220000,0,12,2,0,1,1,0,1,4,1,0,1,0,0000000,6,20,6,32,7,3,0,0,0,1,0
42,420639,2,2,0,0,0,4,4,17,0,24,9,2016,7,16,29,0,1,7,3,5,MILL HILL RD,SR-663 JOHN FRIES HWY,0,40.44041944,-75.391736110000,0,12,6,0,3,3,0,1,1,1,0,1,0,0000000,16,24,16,31,16,55,0,0,0,1,0
42,420640,1,1,0,0,0,2,2,101,6540,27,9,2016,3,22,38,1,2,3,99,2,US-1 ROOSEVELT BLVD,,99,40.02757222,-75.092022220000,0,33,0,0,1,1,0,3,3,1,0,1,0,0000000,99,99,99,99,99,99,0,0,0,1,0
42,420641,2,2,0,0,0,2,2,129,0,20,9,2016,3,6,31,1,1,3,3,3,SR-66 FREEPORT RD,SR-366 GREENSBURG RD,138,40.48928889,-79.598572220000,0,12,6,0,2,2,0,1,4,5,0,5,0,0000000,6,31,6,40,88,88,0,0,0,1,0
42,420642,1,1,0,0,0,3,3,47,0,17,9,2016,7,21,54,1,1,3,99,2,US-219 BUFFALO PITTSBURGH HWY,,57,41.31795278,-78.688313890000,0,33,0,0,1,1,0,4,3,1,0,1,0,0000000,21,52,22,6,22,38,0,0,0,1,0
42,420643,1,1,0,0,0,1,1,43,0,5,9,2016,2,14,37,0,1,7,3,5,SUSQUEHANNA TRL,,0,40.50091667,-76.947277780000,0,10,0,0,6,1,0,1,1,1,0,1,0,518119G,14,35,14,41,88,88,0,0,0,1,0
42,420644,3,3,0,0,0,6,6,95,0,14,9,2016,4,0,56,1,1,1,1,1,I-78,,707,40.62988056,-75.279252780000,0,24,0,0,1,1,0,4,2,1,0,1,0,0000000,99,99,99,99,99,99,0,0,0,2,1
42,420645,1,1,0,0,0,1,1,127,0,13,9,2016,3,21,50,0,1,4,1,3,SR-191 EASTON TPKE,,141,41.41963611,-75.399308330000,0,53,0,0,1,1,0,4,2,1,0,1,0,0000000,22,0,22,10,88,88,0,0,0,1,0
42,420646,2,2,0,0,0,5,5,25,0,20,9,2016,3,12,57,0,2,5,1,3,SR-903,,129,41.00967222,-75.598547220000,0,12,6,0,8,1,0,1,1,1,0,1,0,0000000,99,99,99,99,99,99,0,0,0,1,0
42,420647,2,2,0,0,0,4,4,65,0,25,9,2016,1,11,5,0,1,4,1,3,SR-36 COLONEL DRAKE HWY,,315,41.19957778,-79.109858330000,0,12,2,0,1,1,0,1,1,1,0,1,0,0000000,99,99,99,99,99,99,0,0,0,2,0
42,420648,1,1,0,0,0,2,2,79,0,6,9,2016,3,15,30,0,1,7,3,5,W BUTLER DR,,0,41.02185833,-75.967130560000,0,34,0,0,1,1,0,4,1,1,0,1,0,0000000,15,33,15,41,16,15,0,0,0,1,0
42,420649,1,1,0,0,0,2,2,27,0,9,9,2016,6,16,28,1,2,3,99,2,US-322B NORTH ATHERTON ST,BLUE COURSE DR,27,40.80364722,-77.884155560000,0,33,0,0,3,2,0,4,1,1,0,1,0,0000000,16,29,16,35,88,88,0,0,0,1,1
42,420650,1,1,0,0,0,1,1,125,0,23,9,2016,6,2,20,1,1,3,99,2,US-40 NATIONAL PIKE,,239,40.10774167,-80.107494440000,0,32,0,0,1,1,0,4,2,1,0,1,0,0000000,2,22,2,32,88,88,0,0,0,1,0
42,420651,1,1,0,0,0,2,2,47,0,23,9,2016,6,1,34,0,1,7,1,3,SR-2011 BRANDY CAMP RD,,16,41.33739722,-78.667497220000,0,59,0,0,1,1,0,4,2,1,0,1,0,0000000,99,99,99,99,88,88,0,0,0,2,0
42,420652,1,1,0,0,0,1,1,11,0,9,9,2016,6,20,57,0,1,7,3,5,POOLE HILL RD,,0,40.27658611,-75.694883330000,0,1,0,0,1,1,0,2,2,1,0,1,0,0000000,99,99,99,99,88,88,0,0,0,1,1
42,420653,2,2,0,0,0,4,4,133,0,23,9,2016,6,17,9,0,1,4,1,3,SR-234 EAST BERLIN RD,LAKE RD,7,39.93552222,-76.958197220000,0,12,6,0,2,2,0,1,1,1,0,1,0,0000000,17,14,17,18,18,28,0,0,0,2,1
42,420654,1,1,0,0,0,1,1,51,0,5,9,2016,2,1,40,0,1,5,1,3,SR-281 MAE WEST RD,,82,39.80903889,-79.380477780000,0,32,0,0,1,1,0,4,2,5,0,5,0,0000000,1,39,1,59,88,88,0,0,0,1,0
42,420655,1,1,0,0,0,2,2,17,0,10,9,2016,7,15,31,0,2,3,1,3,SR-32 RIVER RD,,106,40.30467500,-74.882122220000,0,42,0,0,1,1,0,4,1,1,0,1,0,0000000,15,31,15,36,16,18,0,0,0,1,0
42,420656,1,1,0,0,0,1,1,17,7706,19,9,2016,2,23,45,0,2,7,4,6,GREEN ST,OAK DR,0,40.34277778,-75.269388890000,0,33,0,0,3,3,0,4,2,5,0,5,0,0000000,23,47,23,57,88,88,0,0,0,1,1
42,420657,1,1,0,0,0,1,1,39,0,10,9,2016,7,8,28,0,1,5,1,3,SR-408,,207,41.65056389,-79.773794440000,0,42,0,0,1,1,0,4,1,1,0,1,0,0000000,8,25,8,40,9,23,0,0,0,1,0
42,420658,1,1,0,0,0,1,1,25,0,3,9,2016,7,8,42,0,1,7,3,5,RIVERVIEW RD,,0,40.78955556,-75.653361110000,0,52,0,0,1,1,0,4,1,1,0,1,0,0000000,99,99,99,99,88,88,0,0,0,1,0
42,420659,1,1,0,0,0,1,1,11,0,6,9,2016,3,7,58,0,1,5,1,3,SR-4040 OLD RTE 22 RD,BIRCH LN,11,40.49821667,-76.173480560000,0,23,0,0,3,3,0,4,1,1,0,1,0,0000000,99,99,99,99,88,88,0,0,0,1,0
42,420660,2,2,0,0,0,3,3,17,0,14,9,2016,4,21,34,0,1,4,1,3,SR-563 MOUNTAIN VIEW DR,,94,40.44609722,-75.256325000000,0,12,2,0,1,1,0,1,2,1,0,1,0,0000000,21,35,21,46,22,48,0,0,0,1,0
42,420661,1,1,0,0,0,1,1,117,0,12,9,2016,2,15,30,0,1,7,3,5,STONY FORK CREEK TEMPORARY RD,,0,41.65361111,-77.370694440000,0,24,0,0,1,1,1,4,1,1,0,1,0,0000000,99,99,99,99,88,88,0,0,0,1,0
42,420662,1,1,0,0,0,1,1,1,0,23,9,2016,6,20,39,0,1,6,1,3,SR-4009 SHIPPENSBURG RD,,21,39.97656944,-77.395936110000,0,35,0,0,1,1,0,4,2,1,0,1,0,0000000,20,39,99,99,99,99,0,0,0,1,0
42,420663,1,1,0,0,0,3,3,25,0,1,10,2016,7,11,52,0,1,5,1,3,SR-902 LAUREL DR,,40,40.81184722,-75.827344440000,0,35,0,0,1,1,0,4,1,1,0,1,0,0000000,99,99,99,99,99,99,0,0,0,1,0
42,420664,1,1,0,0,0,1,1,71,0,12,10,2016,4,16,47,0,2,5,1,3,SR-4001 SPOOKY NOOK RD,,33,40.09769167,-76.445338890000,0,1,0,0,1,1,0,4,1,1,0,1,0,0000000,16,49,17,0,88,88,0,0,0,1,1
42,420665,1,1,0,0,0,1,1,127,0,7,10,2016,6,0,5,0,1,6,1,3,SR-196 STERLING RD,,64,41.32406111,-75.390761110000,0,42,0,0,1,1,0,4,2,1,0,1,0,0000000,0,12,0,23,88,88,0,0,0,1,0
42,420666,2,2,0,0,0,2,2,133,9610,4,9,2016,1,13,10,0,2,7,4,6,PROSPECT ST,VANDER AVE,0,39.96100000,-76.713766670000,0,12,6,0,2,3,0,1,1,1,0,1,0,0000000,13,12,13,24,13,29,0,0,0,1,0
42,420667,2,2,0,0,0,2,2,3,9320,21,9,2016,4,7,26,1,2,3,1,3,SR-48 JACKS RUN RD,SR-2033 MCCLINTOCK RD,115,40.34656389,-79.792600000000,0,12,6,0,2,3,0,1,1,1,0,1,0,0000000,7,19,7,31,8,9,0,0,0,1,0
42,420669,2,2,0,0,0,3,3,91,0,16,9,2016,6,5,27,0,2,5,1,3,SR-3007 FLOURTOWN RD,,7,40.10138056,-75.245080560000,0,12,2,0,1,1,0,1,2,1,0,1,0,0000000,5,29,5,33,6,41,0,0,0,1,0
42,420670,2,2,0,0,0,3,3,73,0,15,10,2016,7,17,59,0,1,4,1,3,SR-108 HARLANDSBURG RD,,117,41.01248056,-80.293530560000,0,12,6,0,8,1,0,1,1,1,0,1,0,0000000,17,58,18,5,19,13,0,0,0,1,0
42,420671,1,1,0,0,0,1,1,41,0,11,10,2016,3,16,2,0,2,4,1,3,SR-3023 WALNUT BOTTOM RD,,12,40.18163611,-77.216836110000,0,46,0,0,1,1,0,4,1,1,0,1,0,0000000,16,0,16,7,16,41,0,0,0,1,0
42,420672,1,1,0,0,0,1,1,43,0,5,9,2016,2,22,13,0,1,7,3,5,JONESTOWN RD,,0,40.35855556,-76.689388890000,0,35,0,0,1,1,0,4,2,1,0,1,0,0000000,22,12,22,22,22,56,0,0,0,1,1
42,420673,1,1,0,1,1,1,1,69,1090,6,9,2016,3,7,30,0,2,4,1,3,SR-106 DUNDAFF ST,FARVIEW ST,73,41.57871111,-75.503941670000,0,8,0,0,3,3,0,1,1,8,0,8,0,0000000,99,99,99,99,88,88,0,0,0,1,0
42,420674,1,1,0,0,0,2,2,79,0,6,8,2016,7,22,18,0,1,5,1,3,SR-1029 MANOR DR,,46,41.34218889,-75.918230560000,0,42,0,0,1,1,0,5,2,1,0,1,0,0000000,99,99,99,99,99,99,0,0,0,1,1
42,420675,2,2,0,0,0,3,3,95,0,21,9,2016,4,14,56,0,1,4,1,3,SR-512 MOORESTOWN RD,MILLER RD,115,40.81119444,-75.335263890000,0,12,6,0,2,4,0,1,1,1,0,1,0,0000000,99,99,99,99,88,88,0,0,0,1,0
42,420676,2,2,0,0,0,5,5,71,0,20,9,2016,3,19,53,0,2,5,1,3,SR-1051 CHURCH ST,,54,40.21395833,-76.126761110000,0,12,6,0,8,1,0,1,2,1,0,1,0,0000000,19,54,19,59,20,33,0,0,0,1,0
42,420677,2,2,0,0,0,2,2,115,0,13,9,2016,3,2,25,0,1,6,1,3,SR-92,,15,41.66291944,-75.718263890000,0,12,2,0,1,1,0,1,2,1,0,1,0,0000000,2,41,3,16,88,88,0,0,0,1,0
42,420678,1,1,0,0,0,2,2,83,0,17,4,2016,1,16,45,1,1,3,99,2,US-6 GRAND ARMY OF THE REP HW,,224,41.71820278,-78.610747220000,0,1,0,0,1,1,0,4,1,1,0,1,0,0000000,99,99,99,99,99,99,0,0,0,1,0
42,420679,1,1,0,0,0,1,1,83,0,5,3,2016,7,23,49,0,1,4,1,3,SR-59,,79,41.85602500,-78.767475000000,0,42,0,0,1,1,0,4,2,1,0,1,0,0000000,99,99,99,99,88,88,0,0,0,1,1
42,420680,1,1,0,1,1,1,1,111,0,24,5,2016,3,21,25,0,1,5,1,3,SR-1007 LAMBERTSVILLE RD,,75,40.05907778,-78.912961110000,0,8,0,0,1,1,0,1,2,1,0,1,0,0000000,21,18,21,20,99,99,22,0,0,1,0
42,420681,1,1,0,0,0,2,2,127,0,25,9,2016,1,12,50,0,1,6,1,3,SR-2004 COLUMBUS AVE,,8,41.48235278,-75.205277780000,0,1,0,0,1,1,0,1,1,1,0,1,0,0000000,12,45,13,6,99,99,19,0,0,1,1
42,420682,2,2,0,0,0,2,2,95,0,29,8,2016,2,17,16,0,1,7,3,5,WASSERGASS RD,,0,40.58504722,-75.314625000000,0,12,2,0,1,1,0,1,1,1,0,1,0,0000000,99,99,99,99,99,99,0,0,0,1,1
42,420683,1,1,0,1,1,4,4,107,0,4,6,2016,7,22,59,1,1,1,1,1,I-81 AMERICAN LEGION MEM HWY,,1337,40.83358611,-76.064425000000,0,8,0,1,18,1,0,1,2,5,0,5,0,0000000,88,88,88,88,88,88,23,0,0,1,0
42,420684,1,1,0,1,1,0,0,95,660,19,7,2016,3,12,3,0,2,7,4,6,STECKEL ST,,0,40.63255278,-75.372686110000,0,8,0,0,1,1,0,1,1,1,0,1,0,0000000,88,88,88,88,88,88,22,23,0,1,0
42,420685,1,1,0,1,1,1,1,89,0,3,8,2016,4,20,43,0,2,5,1,3,SR-196 STERLING RD,,54,41.20372222,-75.358897220000,0,8,0,0,1,1,0,1,2,1,0,1,0,0000000,99,99,99,99,88,88,0,0,0,1,0
42,420686,2,2,0,0,0,2,2,95,0,31,8,2016,4,10,1,0,1,5,1,3,SR-1011 PEN ARGYL RD,,9,40.83263611,-75.242030560000,0,12,2,0,1,1,0,1,1,1,0,1,0,0000000,99,99,99,99,88,88,0,0,0,1,0
42,420687,2,2,0,0,0,2,2,11,0,23,9,2016,6,8,48,1,2,3,1,3,SR-61 POTTSVILLE PIKE,,109,40.48628056,-75.964333330000,0,12,6,0,8,1,0,1,1,1,0,1,0,0000000,99,99,99,99,88,88,0,0,0,1,0
42,420688,2,2,0,0,0,3,3,3,0,29,9,2016,5,11,10,1,2,1,1,1,I-376 AIRPORT PKWY,,594,40.45289722,-80.177616670000,0,25,0,1,19,1,0,3,1,2,0,2,0,0000000,11,9,11,16,12,13,0,0,0,1,0
42,420689,1,1,0,0,0,1,1,95,0,7,8,2016,1,10,29,0,1,7,3,5,COTTONWOOD RD,,0,40.75467500,-75.478972220000,0,35,0,0,1,1,0,4,1,1,0,1,0,0000000,99,99,99,99,88,88,0,0,0,1,1
42,420690,1,1,0,0,0,2,2,13,0,10,5,2016,3,21,5,0,1,6,1,3,SR-2020 LOCKE MOUNTAIN RD,,15,40.42985556,-78.334633330000,0,59,0,0,1,1,0,4,2,1,0,1,0,0000000,21,7,21,14,99,99,0,0,0,1,0
42,420691,1,1,0,1,1,2,2,55,1230,14,5,2016,7,20,30,1,2,3,1,3,SR-316 WAYNE AVE,,154,39.91410000,-77.653086110000,0,8,0,0,8,1,0,1,5,1,0,1,0,0000000,99,99,99,99,99,99,0,0,0,1,0
42,420692,1,1,0,0,0,1,1,13,0,4,6,2016,7,11,11,0,1,5,1,3,SR-164 DUNNINGS WAY,,102,40.36636389,-78.429761110000,0,1,0,0,1,1,0,1,1,2,0,2,0,0000000,11,13,11,19,11,41,0,0,0,1,0
42,420693,1,1,0,0,0,1,1,71,0,12,7,2016,3,18,54,0,1,7,3,5,SPORTSMAN RD,,0,40.27727778,-76.175000000000,0,38,0,0,1,1,0,6,1,1,0,1,0,0000000,18,55,19,8,19,54,0,0,0,1,0
42,420694,2,2,0,0,0,2,2,55,0,2,8,2016,3,23,6,1,1,1,1,1,I-76 EAST/WEST TPKE,,1918,40.12301667,-77.765597220000,0,12,1,0,1,1,0,1,2,1,0,1,0,0000000,99,99,99,99,99,99,0,0,0,1,0
42,420695,2,2,0,0,0,4,4,101,6540,15,8,2016,2,4,25,0,2,7,4,6,66TH AVE,18TH ST,0,40.05443333,-75.147891670000,0,12,6,0,2,2,0,1,3,1,0,1,0,0000000,4,23,4,26,4,54,0,0,0,1,0
42,420696,4,4,0,0,0,5,5,71,0,7,10,2016,6,10,17,1,2,3,99,2,US-30 LINCOLN HWY,,305,39.98992778,-76.001275000000,0,12,2,0,1,1,0,1,1,1,0,1,0,0000000,10,4,10,25,11,26,0,0,0,2,0
42,420697,1,1,0,0,0,2,2,133,9610,22,9,2016,5,23,23,0,2,7,4,6,MCKENZIE ST,MAPLE ST,0,39.95646111,-76.721258330000,0,33,0,0,3,2,0,4,3,1,0,1,0,0000000,23,22,23,30,88,88,20,22,0,1,0