STATE,ST_CASE,VE_TOTAL,VE_FORMS,PVH_INVL,PEDS,PERNOTMVIT,PERMVIT,PERSONS,COUNTY,CITY,DAY,MONTH,YEAR,DAY_WEEK,HOUR,MINUTE,NHS,RUR_URB,FUNC_SYS,RD_OWNER,ROUTE,TWAY_ID,TWAY_ID2,MILEPT,LATITUDE,LONGITUD,SP_JUR,HARM_EV,MAN_COLL,RELJCT1,RELJCT2,TYP_INT,WRK_ZONE,REL_ROAD,LGT_COND,WEATHER1,WEATHER2,WEATHER,SCH_BUS,RAIL,NOT_HOUR,NOT_MIN,ARR_HOUR,ARR_MIN,HOSP_HR,HOSP_MN,CF1,CF2,CF3,FATALS,DRUNK_DR
42,420698,1,1,0,0,0,1,1,95,0,26,6,2016,1,15,52,0,1,3,1,3,SR-33,,103,40.77576944,-75.281100000000,0,24,0,0,1,1,0,4,1,1,0,1,0,0000000,88,88,88,88,88,88,0,0,0,1,0
42,420699,1,1,0,0,0,1,1,101,6540,10,10,2016,2,10,1,0,2,4,1,3,SR-1005 CASTOR AVE,,49,40.03562778,-75.081122220000,0,7,0,0,1,1,0,1,1,1,0,1,0,0000000,10,0,10,6,10,33,0,0,0,1,0
42,420700,1,1,0,0,0,2,2,89,0,11,8,2016,5,7,19,0,1,7,3,5,PARK LN,,0,41.04943056,-75.243227780000,0,11,0,0,1,1,0,1,4,1,0,1,0,0000000,99,99,99,99,99,99,20,0,0,1,0
42,420701,2,2,0,0,0,2,2,97,0,8,7,2016,6,10,20,1,1,3,60,2,US-11 SGT BRETT D SWANK MEM HW,,1,40.88400556,-76.797875000000,0,12,2,0,1,1,0,1,1,1,0,1,0,0000000,10,23,10,26,10,55,0,0,0,1,0
42,420702,2,2,0,0,0,2,2,101,6540,18,9,2016,1,3,38,0,2,3,1,3,SR-1004 ERIE AVE,,24,40.00673611,-75.119713890000,0,12,1,0,1,1,0,1,3,1,0,1,0,0000000,3,39,3,42,3,58,0,0,0,1,0
42,420703,5,5,0,0,0,7,7,117,0,3,8,2016,4,14,50,1,1,3,99,2,US-15 WILLIAM B WILSON HWY,,73,41.64075278,-77.105819440000,0,12,1,0,1,1,0,1,1,1,0,1,0,0000000,14,44,14,56,99,99,19,0,0,2,0
42,420704,2,2,0,0,0,2,2,63,3870,10,9,2016,7,3,38,0,2,4,1,3,SR-954 SIXTH ST,WASHINGTON ST,61,40.61961111,-79.150819440000,0,12,6,0,2,2,0,1,3,1,0,1,0,0000000,3,39,3,44,88,88,0,0,0,1,1
42,420705,1,1,0,1,1,1,1,71,0,23,9,2016,6,22,54,0,2,4,1,3,SR-272 OREGON PIKE,,223,40.06906111,-76.302358330000,0,8,0,1,18,1,0,1,3,1,0,1,0,0000000,22,56,23,1,88,88,0,0,0,1,1
42,420706,1,1,0,0,0,1,1,95,0,5,9,2016,2,7,12,0,1,7,3,5,WALDHEIM RD,,0,40.54891667,-75.338216670000,0,42,0,0,1,1,0,4,2,1,0,1,0,0000000,99,99,99,99,88,88,0,0,0,1,1
42,420707,2,2,0,0,0,4,4,133,7700,30,9,2016,6,15,30,0,2,5,1,3,SR-3007 NEW FREEDOM RD,LUTHER RD,16,39.75341944,-76.679055560000,0,12,6,0,3,3,0,1,1,1,0,1,0,0000000,15,28,15,43,16,18,0,0,0,1,0
42,420708,1,1,0,0,0,2,2,71,0,4,9,2016,1,14,5,0,1,7,3,5,FISHING CREEK RD,,0,39.79815833,-76.250708330000,0,42,0,0,1,1,0,4,1,1,0,1,0,0000000,13,58,14,17,15,8,22,0,0,1,0
42,420709,1,1,0,0,0,1,1,121,0,2,9,2016,6,11,42,0,1,6,1,3,SR-3003 GEORGETOWN RD,,53,41.23621667,-79.961702780000,0,1,0,0,1,1,0,1,1,1,0,1,0,0000000,11,44,11,55,12,16,0,0,0,1,0
42,420710,1,1,0,0,0,1,1,133,0,7,9,2016,4,16,4,0,1,4,1,3,SR-216 SUSQUEHANNA TRL,,195,39.82829444,-76.701277780000,0,42,0,0,1,1,0,4,1,1,0,1,0,0000000,16,5,16,9,88,88,0,0,0,1,1
42,420711,1,1,0,0,0,1,1,21,0,24,10,2016,2,10,45,0,1,7,1,3,SR-1014 BLACK SNAKE RD,,3,40.59001667,-78.517319440000,0,42,0,0,1,1,0,4,1,1,0,1,0,0000000,10,43,11,2,88,88,0,0,0,1,0
42,420712,3,3,0,0,0,4,4,95,0,5,9,2016,2,1,51,1,2,3,1,3,SR-33,,132,40.81355000,-75.300402780000,0,11,0,0,1,1,0,1,2,1,0,1,0,0000000,99,99,99,99,88,88,14,0,0,2,2
42,420713,1,1,0,0,0,1,1,125,0,14,10,2016,6,18,58,0,1,5,1,3,SR-519 WESTERN AVE,,149,40.26272222,-80.262502780000,0,42,0,0,1,1,0,4,5,1,0,1,0,0000000,99,99,99,99,99,99,0,0,0,1,0
42,420714,1,1,0,1,1,2,2,29,0,13,10,2016,5,19,23,1,2,2,99,2,US-1 KENNETT OXFORD BYP,,227,39.85950000,-75.687777780000,0,8,0,0,1,1,0,1,2,1,0,1,0,0000000,99,99,99,99,88,88,0,0,0,1,0
42,420715,1,1,0,2,2,1,1,91,0,17,10,2016,2,19,47,0,2,4,1,3,SR-2017 SUSQUEHANNA RD,,69,40.15920278,-75.197052780000,0,8,0,0,1,1,0,1,3,1,0,1,0,0000000,19,46,19,51,20,5,0,0,0,1,0
42,420716,2,2,0,0,0,2,2,29,0,10,10,2016,2,10,50,1,1,3,1,3,SR-41 GAP NEWPORT PIKE,SR-3056 FRIENDSHIP CHURCH RD,145,39.90920556,-75.935119440000,0,12,6,0,2,3,0,1,1,1,0,1,0,0000000,99,99,99,99,99,99,0,0,0,1,0
42,420717,2,2,0,0,0,3,3,11,0,11,9,2016,1,14,26,1,1,3,1,3,SR-61,,163,40.55583333,-75.996711110000,0,12,1,0,1,1,0,1,1,1,0,1,0,0000000,99,99,99,99,99,99,0,0,0,1,0
42,420718,1,1,0,0,0,2,2,69,2120,1,10,2016,7,19,46,1,1,1,1,3,SR-8024 RAMP RD,,48,41.42593056,-75.611344440000,0,25,0,1,5,1,0,4,3,2,0,2,0,0000000,19,43,19,52,20,17,0,0,0,1,0
42,420719,2,2,0,0,0,2,2,11,6900,2,10,2016,1,0,9,1,2,3,1,3,SR-3222 LANCASTER AVE,,40,40.32226944,-75.934244440000,0,12,6,0,1,1,0,1,3,2,0,2,0,0000000,99,99,99,99,99,99,0,0,0,1,0
42,420720,1,1,0,1,1,1,1,101,6540,6,10,2016,5,9,39,0,2,3,1,3,SR-3007 KELLY DR,,22,39.97531111,-75.191730560000,0,8,0,0,1,1,0,1,1,1,0,1,0,0000000,88,88,88,88,88,88,0,0,0,1,0
42,420721,2,1,1,2,2,1,1,69,0,18,10,2016,3,12,15,1,1,1,1,1,I-81 AMEMRICAN LEGION MEM HWY,,2050,41.63546667,-75.649344440000,0,14,0,0,1,1,0,2,1,1,0,1,0,0000000,12,15,12,39,13,22,0,0,0,1,0
42,420722,1,1,0,0,0,2,2,89,0,21,10,2016,6,21,0,0,1,5,1,3,SR-3004 KUNKLETOWN RD,,83,40.88358889,-75.352511110000,0,1,0,0,1,1,0,4,2,1,0,1,0,0000000,99,99,99,99,88,88,0,0,0,2,1
42,420723,2,2,0,0,0,3,3,111,0,21,10,2016,6,16,21,1,1,3,99,2,US-219 MASON DIXON HWY,,116,39.85672778,-79.047788890000,0,12,2,0,1,1,0,1,1,2,0,2,0,0000000,16,20,16,31,17,24,0,0,0,1,0
42,420724,2,2,0,0,0,2,2,99,0,20,9,2016,3,15,39,0,1,4,1,3,SR-849 BUFFALO TRACE RD,,24,40.46263333,-77.295002780000,0,12,1,0,1,1,0,1,1,1,0,1,1,0000000,99,99,99,99,99,99,0,0,0,1,0
42,420725,2,2,0,0,0,4,4,101,6540,14,10,2016,6,0,25,1,2,3,1,3,SR-6001 ROOSEVELT BLVD,FRONT ST,10,40.02593889,-75.123152780000,0,12,6,0,2,2,0,1,3,1,0,1,0,0000000,0,19,0,25,0,46,0,0,0,2,0
42,420726,1,1,0,1,1,3,3,107,0,4,6,2016,7,22,42,0,1,4,1,3,SR-924,,54,40.84131944,-76.192100000000,0,8,0,0,1,1,0,1,2,2,0,2,0,0000000,99,99,99,99,88,88,0,0,0,1,0
42,420727,2,2,0,0,0,2,2,101,6540,17,10,2016,2,23,35,1,1,1,1,1,I-76 SCHUYLKILL EXPY,,3422,39.98065000,-75.206075000000,0,1,0,0,1,1,0,1,3,1,0,1,0,0000000,23,32,99,97,99,97,0,0,0,1,0
42,420728,2,2,0,0,0,4,4,13,130,25,6,2016,7,10,8,0,2,4,1,3,SR-764 SIXTH AVE,FIFTH ST,59,40.51850278,-78.390605560000,0,12,6,0,2,2,0,1,1,1,0,1,0,0000000,10,11,10,14,10,23,0,0,0,1,0
42,420729,2,2,0,0,0,3,3,89,0,19,10,2016,4,12,16,0,1,7,3,5,TOLL RD,,0,40.97136111,-75.470052780000,0,1,0,0,1,1,0,1,1,1,0,1,1,0000000,99,99,99,99,99,99,0,0,0,2,0
42,420730,3,2,1,0,0,3,3,29,0,6,10,2016,5,12,40,1,1,1,1,1,I-76 EAST/WEST TPKE,,3243,40.08244444,-75.444538890000,0,14,0,0,1,1,0,1,1,1,0,1,0,0000000,99,99,99,99,99,99,0,0,0,1,0
42,420731,2,2,0,0,0,2,2,17,0,25,4,2016,2,16,45,0,1,7,1,3,SR-4025 IRISH MEETING HOUSE RD,DERSTINE RD,11,40.40281389,-75.190338890000,0,12,6,0,2,3,0,1,1,1,0,1,0,0000000,16,46,16,52,17,21,0,0,0,1,0
42,420732,2,2,0,0,0,3,3,113,0,30,6,2016,5,13,6,0,1,4,99,2,US-220,,221,41.54268889,-76.401205560000,0,12,6,0,8,1,0,1,1,1,0,1,0,0000000,13,0,13,10,99,99,0,0,0,1,0
42,420733,2,2,0,0,0,2,2,99,0,16,9,2016,6,14,5,0,1,5,1,3,SR-850 FORT ROBINSON RD,,59,40.40480556,-77.445586110000,0,12,8,0,1,1,0,1,1,1,0,1,0,0000000,14,8,14,30,88,88,0,0,0,1,0
42,420734,1,1,0,0,0,2,2,11,0,21,5,2016,7,2,55,0,1,7,3,5,OLD ROUTE 22 HWY,,0,40.57357500,-75.871783330000,0,42,0,0,1,1,0,4,2,1,0,1,0,0000000,99,99,99,99,99,99,0,0,0,1,1
42,420735,2,2,0,0,0,2,2,133,0,29,9,2016,5,9,18,0,2,4,1,3,SR-3048 BANNISTER ST,GREENWOOD RD,3,39.95571111,-76.782019440000,0,12,6,0,2,2,0,1,1,2,0,2,0,0000000,9,18,9,24,10,1,0,0,0,1,0
42,420736,1,1,0,0,0,1,1,3,3013,30,9,2016,6,0,45,1,2,1,1,1,I-79 RAYMOND P SHAFER HWY,,714,40.58829444,-80.098808330000,0,24,0,0,1,1,0,3,2,2,0,2,0,0000000,0,43,0,52,88,88,0,0,0,1,0
42,420737,1,1,0,0,0,1,1,13,0,24,10,2016,2,22,31,0,1,7,3,5,MILL RD,,0,40.42528333,-78.453322220000,0,42,0,0,1,1,0,4,2,1,0,1,0,0000000,22,35,22,39,88,88,0,0,0,1,1
42,420738,2,2,0,0,0,2,2,133,0,3,10,2016,2,21,42,1,2,3,99,2,US-30 LOUCKS RD,SR-4001 ROOSEVELT AVE,144,39.97848056,-76.758019440000,0,12,6,0,2,2,0,1,3,1,0,1,0,0000000,21,42,21,55,22,20,0,0,0,1,0
42,420739,2,2,0,0,0,6,6,15,0,19,7,2016,3,13,3,0,1,6,1,3,SR-3009 BURLINGTON TURNPIKE RD,,54,41.74810556,-76.560658330000,0,12,2,0,1,1,0,1,1,1,0,1,0,0000000,12,57,13,8,13,46,0,0,0,3,0
42,420740,1,1,0,0,0,2,2,11,6900,27,8,2016,7,3,0,0,1,7,4,6,8TH ST,GREEN ST,0,40.34291667,-75.921805560000,0,30,0,0,3,3,0,4,3,1,0,1,0,0000000,99,99,99,99,99,99,0,0,0,1,1
42,420741,2,2,0,0,0,2,2,63,0,8,8,2016,2,17,35,0,1,5,1,3,SR-4001 FIVE POINTS RD,,4,40.65863333,-79.270169440000,0,12,2,0,1,1,0,1,1,1,0,1,0,0000000,17,34,17,41,19,0,0,0,0,1,0
42,420742,1,1,0,0,0,1,1,101,6540,30,8,2016,3,19,58,0,2,7,4,6,PARRISH ST,,0,39.96881667,-75.199372220000,0,1,0,0,1,1,0,4,3,1,0,1,0,0000000,19,56,20,2,20,15,0,0,0,1,0
42,420743,1,1,0,1,1,1,1,101,6540,25,9,2016,1,1,36,0,2,4,1,3,SR-1005 CASTOR AVE,BLEIGH AVE,63,40.05300833,-75.064300000000,0,8,0,0,3,2,0,1,3,1,0,1,0,0000000,1,34,1,36,1,57,0,0,0,1,0
42,420744,2,2,0,0,0,2,2,55,0,27,8,2016,7,20,30,0,2,5,99,2,US-11 MOLLY PITCHER HWY,,119,39.88102222,-77.682872220000,0,12,6,0,8,1,0,1,3,1,0,1,0,0000000,20,31,20,35,88,88,0,0,0,1,0
42,420745,2,2,0,0,0,2,2,79,0,5,8,2016,6,15,42,1,2,3,1,3,SR-309 S MEMORIAL HWY,PIONEER AVE,314,41.30400000,-75.932255560000,0,12,6,0,2,2,0,1,1,1,0,1,0,0000000,15,43,15,50,88,88,0,0,0,1,0
42,420746,1,1,0,0,0,1,1,107,8350,29,8,2016,2,13,38,0,2,4,99,2,US-209 BROAD ST,,396,40.79840278,-75.959102780000,0,19,0,0,1,1,0,5,1,1,0,1,0,0000000,99,99,99,99,99,99,0,0,0,1,0
42,420747,1,1,0,0,0,2,2,81,0,3,9,2016,7,18,40,0,1,4,1,3,SR-118 LAIRDSVILLE RD,,108,41.24303889,-76.550191670000,0,24,0,0,1,1,0,4,1,1,0,1,0,0000000,18,39,18,52,19,14,0,0,0,1,1
42,420748,1,1,0,1,1,1,1,97,0,4,8,2016,5,5,45,1,1,3,1,3,SR-147,,212,40.83944722,-76.807111110000,0,9,0,0,1,1,2,1,4,1,0,1,0,0000000,88,88,88,88,88,88,0,0,0,1,0
42,420749,1,1,0,2,2,1,1,101,6540,20,8,2016,7,1,39,1,2,3,1,3,SR-2014 LEHIGH AVE,MASCHER ST,29,39.99108611,-75.132858330000,0,8,0,0,2,2,0,1,3,1,0,1,0,0000000,1,39,1,43,2,12,0,0,0,1,0
42,420750,2,1,1,0,0,1,1,43,3500,25,8,2016,5,18,42,0,2,7,4,6,GREENWOOD ST,,0,40.25916667,-76.851888890000,0,14,0,0,1,1,0,1,1,1,0,1,0,0000000,99,99,99,99,99,99,0,0,0,1,1
42,420751,2,2,0,0,0,3,3,45,0,22,8,2016,2,8,26,1,1,1,1,1,I-476 MID COUNTY EXPY,,50,39.93883889,-75.362661110000,0,12,1,0,1,1,0,1,1,1,0,1,0,0000000,88,88,88,88,88,88,0,0,0,1,0
42,420752,4,4,0,0,0,4,4,107,0,18,8,2016,5,4,50,1,1,1,1,1,I-81 AMERICAN LEGION MEM HWY,,1260,40.77989722,-76.180588890000,0,12,1,0,1,1,0,1,2,2,0,2,0,0000000,88,88,88,88,88,88,0,0,0,1,0
42,420753,4,4,0,0,0,4,4,89,0,28,6,2016,3,6,6,1,2,1,1,1,I-80 KEYSTONE SHORTWAY HWY,,3005,41.01435833,-75.300547220000,0,12,2,0,1,1,0,1,4,1,0,1,0,0000000,99,99,99,99,99,99,14,0,0,1,0
42,420754,1,1,0,0,0,2,2,29,0,11,7,2016,2,0,58,0,1,7,3,5,HAYESVILLE RD,,0,39.82747222,-75.988227780000,0,11,0,0,1,1,0,1,2,1,0,1,0,0000000,99,99,99,99,99,99,0,0,0,1,0
42,420755,1,1,0,0,0,1,1,101,6540,24,8,2016,4,2,44,1,2,1,1,1,I-76 SCHUYLKILL EXPY,,3430,39.97538611,-75.194738890000,0,25,0,0,1,1,0,3,3,1,0,1,0,0000000,2,42,2,49,3,7,0,0,0,1,0
42,420756,1,1,0,0,0,1,1,125,1170,21,8,2016,1,4,23,1,1,3,99,2,US-40 NATIONAL PIKE,,306,40.05836667,-80.009591670000,0,1,0,0,1,1,0,1,2,1,0,1,0,0000000,4,23,4,34,5,37,0,0,0,1,1
42,420757,1,1,0,0,0,2,2,129,4603,1,9,2016,5,8,6,0,2,7,1,3,SR-4040 SPOOKY HOLLOW RD,,4,40.59982500,-79.704861110000,0,43,0,0,1,1,0,4,1,1,0,1,0,0000000,8,7,8,14,8,51,0,0,0,1,0
42,420758,2,2,0,0,0,2,2,45,0,6,9,2016,3,6,21,1,2,3,99,2,US-1 TOWNSHIP LINE RD,BELFIELD AVE,168,39.95826389,-75.317363890000,0,12,6,0,2,3,0,1,1,1,0,1,0,0000000,6,22,6,30,88,88,0,0,0,1,0
42,420759,2,2,0,0,0,3,3,101,6540,5,9,2016,2,8,55,1,2,3,99,2,US-1 ROOSEVELT BLVD,,87,40.08501111,-75.024244440000,0,12,11,0,8,1,0,1,1,1,0,1,0,0000000,9,2,9,6,9,56,0,0,0,1,0
42,420760,1,1,0,0,0,1,1,17,6649,14,10,2016,6,5,56,0,1,5,1,3,SR-1001 N EASTON RD,,39,40.34136389,-75.132716670000,0,24,0,0,1,1,0,4,2,1,0,1,0,0000000,5,58,6,2,88,88,0,0,0,1,0
42,420761,1,1,0,0,0,1,1,39,0,3,9,2016,7,20,35,0,1,6,1,3,SR-1002 GRAVEL RUN RD,,35,41.76253056,-80.104791670000,0,59,0,0,1,1,0,4,2,1,0,1,0,0000000,20,38,20,57,88,88,0,0,0,1,1
42,420762,1,1,0,0,0,1,1,27,0,29,10,2016,7,19,50,0,1,6,1,3,SR-3021 STEELE HOLLOW RD,,8,40.84874167,-78.004988890000,0,35,0,0,1,1,0,4,2,1,0,1,0,0000000,99,99,99,99,88,88,0,0,0,1,0
42,420763,2,2,0,0,0,2,2,3,0,11,9,2016,1,14,4,0,2,4,1,3,SR-2078 HULTON RD,HEBERTON DR,1,40.48531389,-79.820266670000,0,54,11,0,2,2,0,1,1,1,0,1,0,0000000,14,6,14,9,14,36,14,0,0,1,0
42,420764,2,2,0,0,0,3,3,53,0,1,9,2016,5,11,37,1,1,3,1,3,SR-62,,106,41.57697222,-79.402388890000,0,12,6,0,1,1,0,1,1,1,0,1,0,0000000,99,99,12,45,99,99,0,0,0,2,0
42,420765,1,1,0,0,0,1,1,17,0,8,10,2016,7,8,1,0,2,4,1,3,SR-32 RIVER RD,,202,40.40069722,-74.979680560000,0,52,0,0,1,1,0,4,3,5,0,5,0,0000000,99,99,99,99,88,88,0,0,0,1,0
42,420766,1,1,0,0,0,1,1,17,0,15,10,2016,7,20,6,0,1,4,1,3,SR-2055 PENNSYLVANIA AVE,,27,40.18257500,-74.782438890000,0,24,0,0,1,1,0,4,2,1,0,1,0,0000000,88,88,88,88,88,88,0,0,0,1,0
42,420767,1,1,0,1,1,1,1,45,0,3,10,2016,2,5,59,0,1,3,1,3,SR-3 WEST CHESTER PIKE,TERMINAL SQ,110,39.96190000,-75.262350000000,0,8,0,0,2,4,0,1,4,1,0,1,0,0000000,6,0,99,97,99,97,0,0,0,1,0
42,420768,2,2,0,0,0,2,2,11,0,18,10,2016,3,19,22,1,1,3,1,3,SR-61,SR-8014,21,40.55871389,-76.000116670000,0,12,6,1,2,3,0,1,6,99,0,99,0,0000000,99,99,99,99,99,99,0,0,0,1,0
42,420769,1,1,0,1,1,1,1,29,0,23,10,2016,1,6,13,1,1,3,1,3,SR-3 WEST CHESTER PIKE,,39,39.96590556,-75.539075000000,0,8,0,0,1,1,0,1,2,1,0,1,0,0000000,88,88,88,88,88,88,0,0,0,1,0
42,420770,1,1,0,1,1,1,1,17,6649,28,10,2016,6,22,21,1,1,3,1,3,SR-0611 EASTON RD,SR-1010 STUMP RD,130,40.38743056,-75.146641670000,0,8,0,0,2,2,0,1,3,1,0,1,0,0000000,22,22,22,27,23,12,0,0,0,1,1
42,420771,2,2,0,0,0,2,2,95,0,16,10,2016,1,12,37,0,2,4,1,3,SR-512 BETH BATH PIKE,JAINDL BLVD,17,40.68587222,-75.390947220000,0,12,6,0,2,3,0,1,1,1,0,1,0,0000000,99,99,99,99,99,99,0,0,0,1,0
42,420772,2,2,0,0,0,5,5,71,0,7,10,2016,6,12,36,0,1,4,1,3,SR-501 FURNACE HILLS PIKE,,134,40.24705833,-76.303455560000,0,1,0,0,8,1,0,1,1,1,0,1,0,0000000,12,30,12,39,88,88,0,0,0,1,0
42,420773,1,1,0,0,0,1,1,51,0,9,9,2016,6,5,33,0,1,5,1,3,SR-2001 SKYLINE DR,,77,39.81281111,-79.687119440000,0,33,0,0,1,1,0,4,2,1,0,1,0,0000000,6,14,6,23,88,88,0,0,0,1,0
42,420774,2,2,0,0,0,3,3,77,0,26,10,2016,4,13,0,0,1,7,3,5,7TH ST,CRESCENT CT,0,40.65317500,-75.496930560000,0,12,6,0,2,2,0,1,1,1,0,1,0,0000000,99,99,99,99,99,99,0,0,0,1,0
42,420775,2,2,0,0,0,2,2,71,0,25,9,2016,1,23,17,1,1,3,99,2,US-322 28TH DIVISION HWY,,11,40.24879722,-76.344575000000,0,12,2,0,1,1,0,1,2,1,0,1,0,0000000,23,17,23,28,0,3,0,0,0,1,0
42,420776,2,2,0,0,0,2,2,85,0,8,6,2016,4,7,51,0,1,5,99,2,US-19 PERRY HWY,,154,41.33377500,-80.228497220000,0,12,2,0,1,1,0,2,1,1,0,1,0,0000000,9,23,9,48,88,88,0,0,0,1,0
42,420777,2,2,0,0,0,5,5,41,0,28,10,2016,6,22,40,1,2,3,99,2,US-11 CARLISLE PIKE,,257,40.23389167,-77.121002780000,0,12,6,0,8,1,0,1,3,1,0,1,0,0000000,22,44,22,48,99,99,0,0,0,1,1
42,420778,1,1,0,0,0,2,2,11,0,17,9,2016,7,20,20,1,2,1,1,1,I-176 MORGANTOWN EXPY,,71,40.24937778,-75.914038890000,0,1,0,0,1,1,0,3,2,1,0,1,0,0000000,99,99,99,99,99,99,0,0,0,1,0
42,420779,2,2,0,0,0,2,2,79,0,2,7,2016,7,20,34,1,2,3,99,2,US-11 WYOMING AVE,SIXTH ST,312,41.31363333,-75.834733330000,0,12,6,0,2,2,0,1,1,1,0,1,0,0000000,20,34,20,40,21,5,0,0,0,1,0
42,420780,2,2,0,0,0,2,2,77,0,27,9,2016,3,17,9,0,2,4,1,3,SR-2017 BROOKSIDE RD,PRINCETON RD,19,40.54086667,-75.552202780000,0,12,6,0,2,2,0,1,1,1,0,1,0,0000000,99,99,99,99,99,99,0,0,0,1,0
42,420781,1,1,0,0,0,2,2,1,0,18,10,2016,3,2,19,0,1,7,3,5,HIGHLAND AVENUE RD,,0,39.81658611,-77.199283330000,0,42,0,0,8,1,0,4,2,1,0,1,0,0000000,2,17,2,27,99,99,0,0,0,1,1
42,420782,1,1,0,0,0,2,2,81,0,13,9,2016,3,15,9,1,2,3,99,2,US-220,SR-3007 PINE RUN RD,64,41.21584722,-77.180922220000,0,33,0,0,3,2,0,4,1,1,0,1,0,0000000,15,5,15,14,99,99,0,0,0,1,0
42,420783,1,1,0,0,0,2,2,125,0,2,7,2016,7,2,12,1,2,3,1,3,SR-837 DONORA MON CITY RD,,71,40.19273889,-79.894700000000,0,35,0,0,1,1,0,4,2,1,0,1,0,0000000,2,13,2,20,3,14,0,0,0,1,1
42,420784,2,2,0,0,0,4,4,79,4090,5,10,2016,4,18,47,1,2,3,99,2,US-11 WYOMING AVE,,267,41.26768889,-75.890797220000,0,12,1,0,1,1,0,1,3,1,0,1,0,0000000,99,99,99,99,99,99,0,0,0,1,1
42,420785,1,1,0,1,1,1,1,11,0,15,10,2016,7,2,25,1,2,3,99,2,US-422 BENJAMIN FRANKLIN HWY,,286,40.26835000,-75.762966670000,0,8,0,0,1,1,0,1,2,1,0,1,0,0000000,99,99,99,99,88,88,0,0,0,1,0
42,420786,1,1,0,0,0,1,1,107,0,23,9,2016,6,13,50,0,1,5,1,3,SR-125 GOOD SPRING RD,,166,40.67376667,-76.501752780000,0,1,0,0,1,1,0,1,1,1,0,1,0,0000000,99,99,99,99,99,99,0,0,0,1,0
42,420787,1,1,0,0,0,2,2,97,0,7,10,2016,6,19,11,0,1,5,1,3,SR-3018 KLINGERSTOWN RD,,3,40.64369444,-76.790786110000,0,35,0,0,1,1,0,4,2,1,0,1,0,0000000,19,16,19,33,99,99,0,0,0,1,1
42,420788,1,1,0,1,1,2,2,95,660,5,10,2016,4,19,21,0,2,7,4,6,ELIZABETH AVE,IRONS ST,0,40.63152778,-75.384463890000,0,8,0,0,2,3,0,1,3,1,0,1,0,0000000,99,99,99,99,99,99,22,0,0,1,0
42,420789,2,2,0,0,0,3,3,81,0,19,7,2016,3,10,27,0,1,3,1,3,SR-220,NARBER FRY RD,153,41.24202500,-76.787516670000,0,12,6,0,2,2,0,1,1,1,0,1,0,0000000,10,27,10,35,11,16,0,0,0,1,0
42,420790,1,1,0,0,0,2,2,61,0,6,11,2016,1,18,50,0,1,3,1,3,SR-522 CROGHAN PIKE,PLEASANT HILL RD,52,40.15281389,-77.873269440000,0,42,0,0,3,3,0,4,2,1,0,1,0,0000000,99,99,99,99,99,99,0,0,0,1,0
42,420791,1,1,0,0,0,1,1,97,0,5,11,2016,7,2,21,0,2,4,1,3,SR-225,,129,40.76931389,-76.738833330000,0,35,0,0,1,1,0,4,2,1,0,1,0,0000000,2,18,2,34,88,88,0,0,0,1,1
42,420792,1,1,0,1,1,3,3,129,0,2,10,2016,1,19,27,1,1,3,60,2,US-22 WILLIAM PENN HWY,SR-982 NEW DERRY RD,199,40.42132222,-79.344583330000,0,8,0,0,2,2,0,1,5,5,0,5,0,0000000,19,25,19,29,88,88,0,0,0,1,0
42,420793,1,1,0,0,0,2,2,97,0,5,11,2016,7,2,26,0,1,7,3,5,SODOM RD,,0,40.99505000,-76.847897220000,0,42,0,0,1,1,0,4,2,1,0,1,0,0000000,2,25,2,38,3,5,0,0,0,2,0
42,420794,2,2,0,0,0,2,2,3,810,25,9,2016,1,16,0,0,2,6,1,3,SR-1001 FREEPORT RD,MILE LOCK LN,180,40.61548056,-79.738838890000,0,12,6,0,2,2,0,1,1,1,0,1,0,0000000,16,21,16,28,16,53,0,0,0,1,0
42,420795,2,2,0,0,0,2,2,97,0,4,11,2016,6,14,31,0,1,6,1,3,SR-4019 DORNIFE MTN RD,,48,40.79779722,-76.742113890000,0,12,2,0,1,1,0,1,1,1,0,1,0,0000000,14,29,14,40,15,22,0,0,0,1,0
42,420796,2,2,0,0,0,2,2,45,0,13,10,2016,5,20,55,0,1,6,1,3,SR-3017 BETHEL RD,,10,39.83490833,-75.443822220000,0,12,6,0,8,1,0,1,2,1,0,1,0,0000000,20,56,99,97,99,97,0,0,0,1,0