STATE,ST_CASE,VE_TOTAL,VE_FORMS,PVH_INVL,PEDS,PERNOTMVIT,PERMVIT,PERSONS,COUNTY,CITY,DAY,MONTH,YEAR,DAY_WEEK,HOUR,MINUTE,NHS,RUR_URB,FUNC_SYS,RD_OWNER,ROUTE,TWAY_ID,TWAY_ID2,MILEPT,LATITUDE,LONGITUD,SP_JUR,HARM_EV,MAN_COLL,RELJCT1,RELJCT2,TYP_INT,WRK_ZONE,REL_ROAD,LGT_COND,WEATHER1,WEATHER2,WEATHER,SCH_BUS,RAIL,NOT_HOUR,NOT_MIN,ARR_HOUR,ARR_MIN,HOSP_HR,HOSP_MN,CF1,CF2,CF3,FATALS,DRUNK_DR
42,420895,1,1,0,0,0,1,1,77,0,10,8,2016,4,10,44,0,1,7,3,5,FRONT ST,,0,40.66777500,-75.488547220000,0,30,0,0,1,1,0,4,1,1,0,1,0,0000000,99,99,99,99,99,99,0,0,0,1,0
42,420896,1,1,0,1,1,1,1,101,6540,9,8,2016,3,23,48,0,2,7,4,6,SPRINGFIELD AVE,PEACH ST,0,39.94130833,-75.223269440000,0,8,0,0,2,3,0,1,3,99,0,99,0,0000000,23,47,23,51,0,22,0,0,0,1,0
42,420897,2,2,0,0,0,4,4,101,6540,28,8,2016,1,11,10,0,2,4,1,3,SR-1003 WHITAKER AVE,JERICHO RD,22,40.02588889,-75.108583330000,0,12,6,0,2,3,0,1,1,1,0,1,0,0000000,11,13,11,21,11,59,0,0,0,1,0
42,420898,1,1,0,1,1,1,1,101,6540,12,9,2016,2,99,99,1,2,3,1,3,SR-73 COTTMAN AVE,ERDRICK ST,32,40.03538889,-75.039480560000,0,8,0,0,3,3,0,1,3,1,0,1,0,0000000,20,26,20,30,20,51,0,0,0,1,1
42,420899,2,2,0,0,0,3,3,101,6540,22,9,2016,5,13,40,1,2,3,1,3,SR-1002 CRESCENTVILLE RD,,19,40.04332500,-75.113216670000,0,12,1,0,1,1,0,1,1,1,0,1,0,0000000,13,44,13,49,14,13,0,0,0,2,0
42,420900,2,2,0,0,0,3,3,101,6540,7,10,2016,6,22,0,1,2,3,1,3,SR-1013 ACADEMY AVE,SR-1016 LINDEN AVE,9,40.05779167,-75.008686110000,0,12,6,0,2,2,0,1,3,1,0,1,0,0000000,22,12,22,15,22,46,0,0,0,1,0
42,420901,1,1,0,0,0,1,1,79,0,4,7,2016,2,11,34,0,1,7,2,4,CR-SAINT JOHNS RD,,0,41.09413889,-76.004472220000,0,35,0,0,1,1,0,4,1,1,0,1,0,0000000,11,28,11,36,12,9,0,0,0,1,0
42,420902,1,1,0,0,0,1,1,91,870,15,9,2016,5,11,56,1,2,3,99,2,US-202 DANNEHOWER BRG,,99999,40.10611111,-75.351388890000,0,25,0,0,1,1,0,4,1,1,0,1,0,0000000,11,49,11,56,12,44,0,0,0,1,0
42,420903,1,1,0,0,0,1,1,89,0,24,9,2016,7,0,14,1,2,2,1,3,SR-33,,19,40.88041944,-75.311330560000,0,35,0,0,1,1,0,4,2,1,0,1,0,0000000,99,99,99,99,88,88,0,0,0,1,1
42,420904,2,2,0,0,0,2,2,79,0,16,9,2016,6,17,18,0,2,5,1,3,SR-3010 ABERDEEN RD,,17,41.10519722,-75.973194440000,0,12,2,0,1,1,0,1,1,1,0,1,0,0000000,99,99,99,99,99,99,0,0,0,1,0
42,420905,1,1,0,1,1,1,1,101,6540,10,10,2016,2,6,27,1,2,3,99,2,US-1 ROOSEVELT BLVD,,82,40.07906111,-75.030030560000,0,8,0,0,1,1,0,1,3,1,0,1,0,0000000,6,27,6,34,6,51,0,0,0,1,0
42,420906,2,2,0,0,0,3,3,71,0,6,10,2016,5,5,56,1,1,1,31,1,I-76 EAST/WEST TPKE,,2916,40.18356667,-75.994966670000,0,12,1,0,1,1,0,1,2,1,0,1,0,0000000,99,99,99,99,99,99,0,0,0,1,0
42,420907,2,2,0,0,0,2,2,39,8470,16,10,2016,1,21,55,0,2,4,1,3,SR-27 CENTRAL AVE,,211,41.62706667,-79.683277780000,0,12,6,0,8,1,0,1,3,2,0,2,0,0000000,21,58,22,1,22,9,0,0,0,1,1
42,420908,2,2,0,0,0,3,3,75,4340,28,10,2016,6,15,35,0,2,7,4,6,3RD ST,PERSHING AVE,0,40.33454444,-76.415497220000,0,12,6,0,2,2,0,1,1,1,0,1,0,0000000,15,35,15,40,99,99,0,0,0,1,0
42,420909,2,2,0,0,0,2,2,17,0,4,11,2016,6,7,48,1,2,3,1,3,SR-2050 LINCOLN HWY,,2,40.19209444,-74.819813890000,0,12,2,0,1,1,0,2,1,1,0,1,0,0000000,99,99,99,99,99,99,0,0,0,1,0
42,420910,2,2,0,0,0,3,3,91,0,6,11,2016,1,11,11,1,1,3,1,3,SR-73 BIG RD,,48,40.31387500,-75.545783330000,0,12,2,0,1,1,0,1,1,1,0,1,0,0000000,99,99,99,99,99,99,0,0,0,1,0
42,420911,2,2,0,0,0,2,2,127,0,20,11,2016,1,7,58,0,1,4,99,2,US-6 BELLEMONTE AVE,,219,41.46653056,-75.177208330000,0,12,2,0,1,1,0,1,1,1,0,1,0,0000000,7,58,8,13,9,21,0,0,0,1,0
42,420912,64,64,0,0,0,120,120,75,0,13,2,2016,7,9,28,1,1,1,1,1,I-78 78TH DIVISION HW,,751,40.45345000,-76.392230560000,0,12,1,0,1,1,0,1,1,4,11,4,0,0000000,9,30,9,50,10,20,14,19,0,3,0
42,420913,1,1,0,0,0,1,1,3,6600,28,7,2016,5,3,13,0,2,3,1,3,SR-400 FRANKSTOWN AVE,,67,40.45590278,-79.879027780000,0,30,0,0,1,1,0,4,3,1,0,1,0,0000000,3,13,3,22,99,99,0,0,0,1,0
42,420914,1,1,0,0,0,1,1,71,0,21,10,2016,6,15,53,0,1,7,3,5,PROSPECT RD,CHARLESTOWN RD,0,40.00315556,-76.451872220000,0,35,0,0,3,2,0,4,1,2,0,2,0,0000000,15,53,99,97,99,97,0,0,0,1,1
42,420915,1,1,0,0,0,1,1,85,7550,9,10,2016,1,13,7,1,1,3,1,2,US-62 SHENANGO VALLEY EXP,,8,41.22719167,-80.505763890000,0,7,0,0,1,1,0,1,1,1,0,1,0,0000000,13,9,13,14,13,45,0,0,0,1,0
42,420916,2,2,0,0,0,3,3,129,0,17,10,2016,2,11,38,0,1,5,1,3,SR-982 NEW DERRY RD,,211,40.38711667,-79.323655560000,0,12,2,0,1,1,0,1,1,1,0,1,0,0000000,11,32,11,38,12,46,0,0,0,1,0
42,420917,3,3,0,0,0,3,3,39,0,17,10,2016,2,16,1,0,1,4,1,3,SR-98 CUSSEWAGO RD,,42,41.67927778,-80.227452780000,0,12,2,0,1,1,0,1,1,1,0,1,0,0000000,15,56,99,99,99,99,0,0,0,1,0
42,420918,1,1,0,2,2,1,1,101,6540,9,6,2016,5,16,10,1,2,3,1,3,SR-4007 GERMANTOWN AVE,GRAVERS LN,55,40.07508611,-75.204897220000,0,8,0,0,3,2,0,1,1,1,0,1,0,0000000,16,18,16,22,16,55,0,0,0,1,0
42,420919,1,1,0,1,1,3,3,49,0,6,8,2016,7,18,50,0,1,7,3,5,FRITZHILL RD,DOOLITTLE RD,0,42.02460556,-79.836441670000,0,9,0,0,2,2,0,1,1,1,0,1,0,0000000,10,47,10,55,11,16,0,0,0,1,0
42,420920,1,1,0,1,1,1,1,101,6540,23,8,2016,3,18,20,0,2,7,4,6,24TH ST,,0,39.92163056,-75.187152780000,0,8,0,0,8,1,0,1,1,1,0,1,0,0000000,18,25,18,33,18,52,0,0,0,1,0
42,420921,1,1,0,0,0,1,1,45,0,25,9,2016,1,0,23,0,1,3,1,3,SR-252 NEWTON STREET RD,WINDING WAY,81,39.98921944,-75.402613890000,0,33,0,0,3,2,0,4,3,1,0,1,0,0000000,99,99,99,99,99,99,0,0,0,1,1
42,420922,2,2,0,0,0,4,4,69,5480,30,9,2016,6,15,18,1,2,3,1,2,US-11 BIRNEY AVE,,17,41.36472222,-75.716936110000,0,12,7,0,1,1,0,1,1,1,0,1,0,0000000,15,27,15,29,16,0,0,0,0,1,0
42,420923,1,1,0,2,2,2,2,3,6600,9,8,2016,3,23,8,0,2,7,4,6,GENERAL ROBINSON ST,,0,40.44761667,-80.008000000000,0,8,0,0,1,1,0,1,3,1,0,1,0,0000000,23,8,23,13,23,32,0,0,0,1,0
42,420924,1,1,0,1,1,1,1,79,4280,6,10,2016,5,22,18,1,2,3,1,2,US-11 NARROWS RD,,249,41.24978333,-75.918422220000,0,8,0,0,1,1,0,1,3,1,0,1,0,0000000,22,23,22,28,88,88,0,0,0,1,1
42,420926,2,2,0,0,0,3,3,11,0,28,10,2016,6,5,51,0,2,4,1,3,SR-662 MEMORIAL HWY,,135,40.44620000,-75.815800000000,0,12,2,0,1,1,0,1,2,1,0,1,0,0000000,99,99,99,99,99,99,0,0,0,1,0
42,420927,1,1,0,0,0,1,1,13,0,3,8,2016,4,23,51,0,1,5,1,3,SR-4020 REIGHTOWN RD,,5,40.60577778,-78.352669440000,0,34,0,0,1,1,0,4,2,1,0,1,0,0000000,23,48,23,49,0,23,0,0,0,1,1
42,420928,5,5,0,0,0,8,8,3,6600,14,8,2016,1,17,53,1,2,3,1,3,SR-51 SAW MILL RUN  BLVD,,201,40.42904722,-80.024263890000,0,12,6,0,1,1,0,1,1,2,0,2,0,0000000,17,51,17,56,18,22,0,0,0,1,0
42,420929,1,1,0,0,0,2,2,3,570,16,9,2016,6,19,23,1,2,3,1,3,SR-65 OHIO RIVER BLVD,,31,40.48446944,-80.050994440000,0,23,0,0,1,1,0,4,5,1,0,1,0,0000000,19,26,19,28,19,47,0,0,0,1,0
42,420930,4,4,0,0,0,5,5,13,0,9,9,2016,6,20,30,1,1,1,1,1,I-99 BUD SHUSTER HWY,,408,40.59237500,-78.315894440000,0,12,8,0,1,1,0,1,3,2,0,2,0,0000000,20,13,20,17,21,2,0,0,0,1,0
42,420931,2,2,0,0,0,3,3,85,0,15,10,2016,7,10,1,1,1,1,1,1,I-80 Z H CONFAIR HWY,,72,41.18348889,-80.383472220000,0,24,0,0,1,1,0,4,1,1,0,1,0,0000000,9,57,10,8,88,88,0,0,0,1,0
42,420932,1,1,0,0,0,1,1,3,1140,28,11,2016,2,7,10,1,2,3,1,3,SR-88 LIBRARY RD,,72,40.36885556,-80.011863890000,0,30,0,0,1,1,0,4,3,1,0,1,0,0000000,7,10,7,13,7,41,0,0,0,1,0
42,420933,1,1,0,0,0,1,1,117,0,23,11,2016,4,15,9,0,1,7,3,5,RIDGE RD,,0,41.89989444,-77.219636110000,0,1,0,0,1,1,0,1,1,1,0,1,0,0000000,99,99,99,99,99,99,0,0,0,1,0
42,420934,3,3,0,0,0,3,3,29,0,6,9,2016,3,14,39,1,2,3,99,2,US-322 HORSESHOE PIKE,SR-4010 CAMBRIDGE RD,32,40.08354722,-75.890005560000,0,12,1,0,3,3,0,1,1,1,0,1,0,0000000,99,99,99,99,99,99,14,0,0,1,0
42,420935,1,1,0,0,0,1,1,85,0,17,10,2016,2,20,55,0,1,4,99,2,US-62 SHARON MERCER RD,,151,41.22671667,-80.254958330000,0,31,0,0,1,1,0,4,2,1,0,1,0,0000000,99,99,99,99,99,99,0,0,0,1,1
42,420936,2,2,0,0,0,2,2,101,6540,3,9,2016,7,15,35,0,2,7,4,6,WISTER ST,CHELTEN AVE,0,40.05235000,-75.157744440000,0,12,6,0,2,2,0,1,1,1,0,1,0,0000000,15,37,15,42,16,5,0,0,0,1,0
42,420937,1,1,0,0,0,3,3,29,0,16,11,2016,4,18,17,1,1,1,31,1,I-76 EAST/WEST TPKE,,3152,40.06555000,-75.611311110000,0,17,0,0,1,1,0,4,2,1,0,1,0,0000000,99,99,99,99,99,99,0,0,0,1,0
42,420938,1,1,0,1,1,1,1,101,6540,22,9,2016,5,11,21,0,2,4,1,3,SR-2016 ALLEGHENY AVE,SECOND ST,30,39.99902778,-75.133250000000,0,8,0,0,3,2,0,1,1,1,0,1,0,0000000,11,18,11,21,11,28,0,0,0,1,0
42,420939,1,1,0,1,1,1,1,95,660,10,11,2016,5,5,27,1,2,3,1,3,SR-378 WYANDOTTE ST,SR-3012 BROADWAY RD,27,40.60865278,-75.385375000000,0,8,0,0,3,7,0,1,3,1,0,1,0,0000000,99,99,99,99,99,99,0,0,0,1,0
42,420940,1,1,0,1,1,1,1,43,0,19,11,2016,7,18,21,0,2,4,1,3,SR-441 EISENHOWER BLVD,,108,40.24097222,-76.806166670000,0,8,0,0,1,1,0,1,2,3,8,3,0,0000000,18,23,18,27,18,53,0,0,0,1,0
42,420941,2,2,0,0,0,2,2,77,110,5,11,2016,7,21,57,0,2,7,4,6,BASIN ST,AUBURN ST,0,40.59629444,-75.459347220000,0,12,6,0,2,2,0,1,3,1,0,1,0,0000000,99,99,99,99,99,99,0,0,0,1,1
42,420942,1,1,0,1,1,1,1,85,0,15,11,2016,3,7,52,0,1,5,1,3,SR-258 LAKE RD,,192,41.27600278,-80.341327780000,0,8,0,0,1,1,0,1,1,1,0,1,0,0000000,7,55,8,8,10,23,0,0,0,1,0
42,420943,1,1,0,1,1,1,1,51,0,7,11,2016,2,10,27,0,2,4,1,3,SR-2027 CONNELLSVILLE ST,,34,39.92647778,-79.672102780000,0,9,0,0,1,1,0,2,1,1,0,1,0,0000000,10,21,10,27,10,42,0,0,0,1,0
42,420944,3,1,2,0,0,1,1,101,6540,5,11,2016,7,2,34,0,2,7,4,6,AMBER ST,TIOGA ST,0,39.99596667,-75.102691670000,0,14,0,0,3,2,0,7,3,1,0,1,0,0000000,2,35,2,55,88,88,0,0,0,1,1
42,420945,3,2,1,0,0,2,2,17,0,10,11,2016,5,14,57,1,2,3,1,3,SR-611 EASTON RD,QUARRY RD,149,40.41187222,-75.151558330000,0,12,6,0,2,2,0,1,1,1,0,1,0,0000000,99,99,99,99,88,88,0,0,0,1,0
42,420946,1,1,0,0,0,1,1,77,0,19,11,2016,7,0,37,0,1,4,1,3,SR-1007 NORTH DAUPHIN ST,,10,40.63356944,-75.462547220000,0,42,0,0,1,1,0,4,3,1,0,1,0,0000000,88,88,88,88,88,88,0,0,0,1,0
42,420947,1,1,0,1,1,1,1,79,9340,12,11,2016,7,21,30,0,2,7,4,6,BUTLER ST,,0,41.25155000,-75.867666670000,0,8,0,0,1,1,0,1,3,1,0,1,0,0000000,88,88,88,88,88,88,0,0,0,1,1
42,420948,1,1,0,1,1,4,4,101,6540,11,11,2016,6,16,10,0,2,3,1,3,SR-3013 ISLAND AVE,LINDBERGH BL,7,39.90404444,-75.240111110000,0,8,0,0,2,2,0,1,1,1,0,1,0,0000000,16,13,16,19,16,58,0,0,0,1,0
42,420949,4,4,0,0,0,4,4,19,0,30,11,2016,4,7,59,1,1,3,1,3,SR-8 PITTSBURGH RD,,42,40.73243611,-79.924480560000,0,12,6,0,1,1,0,1,1,2,0,2,0,0000000,8,0,8,8,8,53,0,0,0,1,0
42,420950,1,1,0,0,0,1,1,51,0,4,11,2016,6,13,37,0,1,7,3,5,BIG BEND RD,,0,39.79223889,-79.395283330000,0,5,0,0,1,1,0,1,1,1,0,1,0,0000000,13,35,13,51,15,13,22,0,0,1,0
42,420951,2,2,0,0,0,3,3,71,0,25,11,2016,6,21,7,0,1,7,3,5,POPLAR DR,QUEEN RD,0,40.03472778,-76.106305560000,0,12,1,0,2,3,0,1,3,1,0,1,0,0000000,99,99,99,99,99,99,0,0,0,1,1
42,420952,2,2,0,0,0,3,3,101,6540,5,11,2016,7,2,4,0,2,4,1,3,SR-1018 GRANT AVE,,0,40.08672222,-75.039736110000,0,12,7,0,1,1,0,1,3,1,0,1,0,0000000,2,1,2,4,2,33,0,0,0,1,1
42,420953,1,1,0,0,0,2,2,117,0,24,11,2016,5,23,30,0,1,7,3,5,GEE RD,,0,41.90491667,-77.240250000000,0,32,0,0,1,1,0,4,2,1,0,1,0,0000000,23,42,23,56,0,49,0,0,0,1,0
42,420954,2,2,0,0,0,2,2,81,0,29,11,2016,3,10,34,0,1,5,1,3,SR-973,,141,41.32860278,-77.119722220000,0,12,6,0,1,1,0,1,1,1,0,1,0,0000000,10,36,10,47,88,88,0,0,0,1,0
42,420955,1,1,0,0,0,1,1,71,0,4,12,2016,1,22,41,0,1,4,1,3,SR-441 RIVER RD,,153,40.10762778,-76.680666670000,0,52,0,0,1,1,0,4,2,2,0,2,0,0000000,22,40,22,48,88,88,0,0,0,1,1
42,420956,1,1,0,0,0,1,1,21,3150,2,12,2016,6,11,7,0,2,4,1,3,SR-756 BELMONT ST,,25,40.28934167,-78.875241670000,0,42,0,0,1,1,0,5,1,1,0,1,0,0000000,99,99,99,99,88,88,0,0,0,1,0
42,420957,1,1,0,0,0,1,1,79,9340,1,12,2016,5,16,36,0,2,7,4,6,PENNSYLVANIA AVE,MARKET ST,0,41.24351944,-75.879419440000,0,46,0,0,3,2,0,4,1,1,0,1,0,0000000,16,38,16,42,16,56,0,0,0,1,0
42,420958,1,1,0,0,0,1,1,17,0,16,12,2016,6,1,35,1,2,3,1,3,SR-2038 COUNTY LINE RD,,90,40.20494444,-75.128255560000,0,33,0,0,1,1,0,4,2,1,0,1,0,0000000,99,99,99,99,88,88,0,0,0,1,0
42,420959,1,1,0,0,0,1,1,43,3500,26,12,2016,2,2,20,1,2,3,1,3,SR-3009 FRONT ST,,35,40.29230278,-76.905969440000,0,33,0,0,1,1,0,4,3,1,0,1,0,0000000,2,25,2,30,88,88,0,0,0,1,0
42,420960,2,2,0,0,0,3,3,19,6820,10,12,2016,7,11,28,1,2,3,99,2,US-422 BENJAMIN FRANKLIN HWY,,84,40.91000278,-80.036238890000,0,12,2,0,1,1,0,1,1,1,0,1,0,0000000,11,25,11,36,12,6,0,0,0,1,0
42,420961,2,2,0,0,0,2,2,49,0,18,12,2016,1,7,53,0,1,4,99,2,US-20 BUFFALO RD,,352,42.17606111,-79.937213890000,0,12,6,0,1,1,0,1,1,12,0,12,0,0000000,7,52,8,4,99,99,0,0,0,1,0
42,420962,1,1,0,1,1,2,2,3,6645,18,12,2016,1,17,38,1,2,3,1,3,SR-286 GOLDEN MILE HWY,,19,40.44749722,-79.714041670000,0,8,0,0,1,1,0,1,3,1,0,1,0,0000000,17,40,17,49,18,9,0,0,0,1,0
42,420963,1,1,0,1,1,1,1,17,0,23,12,2016,6,17,29,1,2,3,1,3,SR-132 STREET RD,,129,40.11160000,-74.954097220000,0,8,0,0,1,1,0,1,2,1,0,1,0,0000000,99,99,99,99,99,99,0,0,0,1,0
42,420964,1,1,0,1,1,1,1,11,6900,11,12,2016,1,1,20,0,2,4,1,3,SR-625 NEW HOLLAND RD,,81,40.31225000,-75.941780560000,0,8,0,0,1,1,0,1,3,1,0,1,0,0000000,99,99,99,99,99,99,0,0,0,1,0
42,420965,1,1,0,1,1,1,1,43,3500,19,12,2016,2,19,2,1,2,3,1,3,SR-3014 STATE ST,SIXTEENTH ST,11,40.27081111,-76.868119440000,0,8,0,0,3,2,0,1,2,1,0,1,0,0000000,19,2,19,6,99,99,0,0,0,1,0
42,420966,1,1,0,2,2,1,1,45,0,31,12,2016,7,17,45,1,2,3,1,3,SR-1020 LAWRENCE RD,,9,39.97079444,-75.344950000000,0,8,0,0,1,1,0,1,3,1,0,1,0,0000000,99,99,99,99,99,99,0,0,0,2,0
42,420967,2,2,0,0,0,4,4,11,0,25,11,2016,6,6,18,1,1,3,1,2,US-222 HWY,,61,40.31976111,-75.990033330000,0,12,1,0,1,1,0,2,2,1,0,1,0,0000000,99,99,99,99,99,99,0,0,0,1,1
42,420968,2,2,0,0,0,4,4,101,6540,25,11,2016,6,18,50,0,2,4,1,3,SR-1018 GRANT AVE,,22,40.06842500,-75.005941670000,0,1,0,0,1,1,0,1,3,2,0,2,0,0000000,18,44,18,54,18,58,0,0,0,2,0
42,420969,2,2,0,0,0,2,2,59,0,10,11,2016,5,20,6,0,1,4,1,3,SR-88 DILLINER RD,DILNER HILL RD,16,39.75164444,-79.924766670000,0,12,1,0,2,3,0,1,2,1,0,1,0,0000000,20,16,20,28,20,43,0,0,0,1,0
42,420970,3,3,0,0,0,5,5,41,0,2,11,2016,4,9,24,0,1,5,99,2,US-11 RITNER HWY,BURNT HOUSE RD,158,40.17321667,-77.281544440000,0,12,6,0,2,3,0,1,1,1,0,1,0,0000000,9,24,9,30,99,99,0,0,0,1,0
42,420971,3,3,0,0,0,5,5,3,6115,2,11,2016,4,14,50,1,1,2,1,2,US-30 LINCOLN HWY,,149,40.36487500,-79.774891670000,0,12,1,0,1,1,0,1,1,1,0,1,0,0000000,14,53,99,97,99,97,0,0,0,1,0
42,420972,4,3,1,0,0,4,4,101,6540,30,11,2016,4,19,18,0,2,6,1,3,SR-3017 FIFTYSECOND ST,LOCUST ST,13,39.95581667,-75.225738890000,0,12,6,0,2,2,0,1,3,2,0,2,0,0000000,19,19,19,24,19,38,0,0,0,1,0
42,420973,2,2,0,0,0,3,3,101,6540,18,12,2016,1,20,56,1,2,3,99,2,US-1 ROOSEVELT BLVD,WOODWARD ST,75,40.07097778,-75.037833330000,0,12,1,0,3,2,0,1,3,1,0,1,1,0000000,20,57,21,3,88,88,0,0,0,2,0
42,420974,1,1,0,0,0,1,1,59,0,30,10,2016,1,9,54,0,1,4,1,3,SR-18 BROWNS CREEK RD,,232,39.91225278,-80.224461110000,0,24,0,0,1,1,0,4,1,1,0,1,0,0000000,9,55,10,1,11,12,0,0,0,1,0
42,420975,1,1,0,0,0,2,2,9,0,3,10,2016,2,9,29,0,1,6,1,3,SR-916 UPPER SNAKE SPRING RD,,11,40.03729167,-78.426513890000,0,35,0,0,1,1,0,4,1,1,0,1,0,0000000,9,22,9,33,9,56,0,0,0,1,0
42,420976,2,2,0,0,0,2,2,1,0,7,10,2016,6,6,42,0,1,4,1,3,SR-234 EAST BERLIN RD,,216,39.94364444,-77.080852780000,0,12,6,0,4,1,0,1,4,5,0,5,0,0000000,6,40,6,50,7,33,0,0,0,1,0
42,420977,1,1,0,1,1,1,1,9,0,5,8,2016,6,21,44,0,1,4,99,2,US-LINCOLN HWY,,199,40.02549444,-78.441505560000,0,8,0,0,1,1,0,1,3,1,0,1,0,0000000,21,48,21,50,21,58,0,0,0,1,0
42,420978,1,1,0,0,0,1,1,117,3103,7,12,2016,4,10,45,0,1,7,3,6,FOREST RD,,0,41.69152778,-77.519944440000,0,42,0,0,1,1,0,5,1,1,0,1,0,0000000,11,14,11,36,99,99,0,0,0,1,0
42,420979,1,1,0,1,1,1,1,7,3877,27,11,2016,1,2,9,1,2,3,1,3,SR-68 MIDLAND BEAVER RD,,67,40.64885556,-80.411408330000,0,8,0,0,1,1,0,1,2,1,0,1,0,0000000,99,99,99,99,88,88,0,0,0,1,0
42,420980,2,2,0,0,0,2,2,51,0,20,10,2016,5,13,45,0,1,5,1,3,SR-857 SPRING HILL FURNACE RD,SR-3002 GANS RD,9,39.73378889,-79.803202780000,0,12,6,0,2,3,0,1,1,1,0,1,0,0000000,13,46,13,57,14,39,0,0,0,1,0
42,420981,3,3,0,0,0,5,5,121,1746,10,8,2016,4,18,5,0,1,6,1,3,SR-157 FRYBURG RD,SR-2015 HILL CITY RD,23,41.39499167,-79.637416670000,0,12,6,0,2,2,0,1,1,1,0,1,0,0000000,99,99,99,99,99,99,0,0,0,2,1
42,420982,2,2,0,0,0,3,3,9,0,21,8,2016,1,13,40,1,1,3,99,2,US-220 BEDFORD VALLEY RD,,213,39.99079722,-78.532852780000,0,12,6,0,1,1,0,1,1,2,0,2,0,0000000,13,45,13,54,99,99,0,0,0,2,0
42,420983,2,2,0,0,0,3,3,49,0,12,9,2016,2,17,25,0,1,4,1,3,SR-8 WATERFORD RD,HATCH HOLLOW RD,78,41.96455833,-79.851344440000,0,12,6,0,2,2,0,1,1,1,0,1,0,0000000,17,35,17,42,18,48,0,0,0,1,0
42,420984,1,1,0,0,0,1,1,21,0,18,11,2016,6,12,1,0,1,5,1,3,SR-3026 CLAPBOARD RUN RD,,19,40.34193611,-78.852597220000,0,59,0,0,1,1,0,4,1,1,0,1,0,0000000,99,99,99,99,88,88,0,0,0,1,0
42,420985,1,1,0,0,0,2,2,17,0,27,7,2016,4,22,26,0,1,7,3,5,RUNWAY RD,PERSHING RD,0,40.12994167,-74.847236110000,0,42,0,0,3,2,0,4,3,1,0,1,0,0000000,22,27,22,29,23,5,0,0,0,1,0
42,420986,3,3,0,0,0,3,3,33,0,15,9,2016,5,17,57,1,2,3,99,2,US-322 WOODLAND RD,,341,40.91708056,-78.251558330000,0,12,2,0,1,1,0,1,1,1,0,1,0,0000000,99,99,99,99,88,88,0,0,0,1,1
42,420987,2,2,0,0,0,2,2,121,0,30,8,2016,3,14,32,0,1,5,1,3,SR-2013 ROCKLAND CRANBERRY RD,HENDERSHOT RD,49,41.31675556,-79.723069440000,0,12,7,0,2,3,0,1,1,1,0,1,0,0000000,88,88,88,88,88,88,0,0,0,1,0
42,420988,2,2,0,0,0,4,4,75,4340,9,11,2016,4,10,40,0,2,7,4,6,9TH ST,CHESTNUT ST,0,40.33781944,-76.426069440000,0,12,6,0,2,2,0,1,1,2,0,2,0,0000000,10,41,10,47,11,48,0,0,0,1,0
42,420989,1,1,0,0,0,1,1,89,0,29,10,2016,7,17,56,0,1,7,1,3,SR-4004 SULLIVAN TRAIL RD,,85,41.10195000,-75.436116670000,0,30,0,0,1,1,0,4,1,1,0,1,0,0000000,99,99,99,99,88,88,0,0,0,1,1
42,420990,2,2,0,0,0,2,2,45,0,30,11,2016,4,16,32,0,2,4,1,3,SR-3007 CONCORD RD,,9,39.85472500,-75.403625000000,0,33,0,0,1,1,0,4,1,2,0,2,0,0000000,16,36,16,46,17,8,0,0,0,1,0
42,420991,1,1,0,0,0,1,1,9,0,23,10,2016,1,2,20,0,1,5,1,3,SR-96 HYNDMAN RD,,131,39.88685556,-78.678663890000,0,52,0,0,1,1,0,4,2,1,0,1,0,0000000,2,34,2,51,88,88,0,0,0,1,1
42,420992,1,1,0,0,0,1,1,19,0,2,12,2016,6,2,2,0,1,7,3,5,POWELL RD,,0,40.70755556,-80.141138890000,0,24,0,0,1,1,0,4,2,1,0,1,0,0000000,2,2,2,13,88,88,0,0,0,1,1
42,420993,1,1,0,0,0,2,2,3,2520,2,12,2016,6,22,18,1,2,3,1,3,SR-51,,59,40.27446111,-79.894063890000,0,24,0,0,1,1,0,4,3,1,0,1,0,0000000,22,27,22,30,23,18,0,0,0,1,0
42,420994,1,1,0,1,1,2,2,41,1060,20,12,2016,3,19,16,0,2,3,1,2,US-11 CUMBERLAND BLVD,,348,40.24808056,-76.929588890000,0,8,0,0,1,1,0,1,3,1,0,1,0,0000000,19,20,19,24,20,29,0,0,0,1,1